rank,score,project,new_stars,new_contributors,new_folks,new_pr,closed_pr,new_issues,closed_issues,pr_comment,issue_comment
1,73,mosn,13,0,1,1,2,18,2,2,7
2,62,sofa-jraft,5,1,3,0,2,6,4,1,26
3,29,sofa-rpc,5,0,4,1,0,1,0,2,3
4,8,sofa-ark,3,0,0,0,0,2,0,0,1
4,8,sofa-bolt,2,0,3,0,0,0,0,0,0
6,7,sofa-rpc-node,2,1,0,0,0,0,0,0,0
7,6,sofa-tracer,4,0,0,0,0,1,0,0,0
7,6,sofa-jarslink,0,0,3,0,0,0,0,0,0
9,5,sofa-registry,1,0,0,0,0,0,0,1,0
9,5,sofa-boot,1,0,1,0,0,1,0,0,0
9,5,sofa-hessian-node,0,1,0,0,0,0,0,0,0
12,4,sofa-hessian,0,0,2,0,0,0,0,0,0
13,1,sofa-bolt-node,1,0,0,0,0,0,0,0,0
13,1,sofa-lookout,1,0,0,0,0,0,0,0,0
13,1,sofa-acts,1,0,0,0,0,0,0,0,0
16,0,sofa-dashboard,0,0,0,0,0,0,0,0,0
16,0,sofa-bolt-cpp,0,0,0,0,0,0,0,0,0
16,0,sofa-node,0,0,0,0,0,0,0,0,0
16,0,sofa-bolt-python,0,0,0,0,0,0,0,0,0
